,SNR,CR,DEN avg,DEN std,NUM avg,NUM std,W,H,D,C,T,dxy,dz,dt,N.TRACKS
00_1.avi,6.730382587033752,3.8882310647523157,11.584485189364496,3.614172801755505,3.55,0.6689544080129827,50.0,50.0,1.0,1.0,20.0,1.0,1.0,1.0,6.0
00_2.avi,1.2173113044873678,1.8169807735276602,14.386274839852172,5.246942915433931,2.35,0.47696960070847294,50.0,50.0,1.0,1.0,20.0,1.0,1.0,1.0,3.0
00_3.avi,5.376762037724876,3.651800808561852,,,1.0,0.0,50.0,50.0,1.0,1.0,20.0,1.0,1.0,1.0,1.0
00_4.avi,0.3380175258403914,0.8605892519851548,22.33668614620144,10.673677074834178,1.9411764705882353,0.23529411764705885,50.0,50.0,1.0,1.0,20.0,1.0,1.0,1.0,3.0
00_5.avi,10.081511607994011,4.885125037464925,,,1.0,0.0,50.0,50.0,1.0,1.0,20.0,1.0,1.0,1.0,1.0
00_6.avi,1.0716776250495865,2.013050048720913,33.11795239859286,0.6980541584516529,1.2142857142857142,0.410325903324145,50.0,50.0,1.0,1.0,20.0,1.0,1.0,1.0,4.0
00_7.avi,5.123161101716386,3.3073991889473255,,,1.0,0.0,50.0,50.0,1.0,1.0,20.0,1.0,1.0,1.0,1.0
00_8.avi,0.521728755229779,1.5378780139820836,,,1.0,0.0,50.0,50.0,1.0,1.0,20.0,1.0,1.0,1.0,1.0
01_1.avi,13.850068314718047,3.4722458528557607,,,1.0,0.0,50.0,50.0,1.0,1.0,20.0,1.0,1.0,1.0,2.0
01_2.avi,12.409724500535381,2.531606727061908,,,1.0,0.0,50.0,50.0,1.0,1.0,20.0,1.0,1.0,1.0,1.0
01_3.avi,10.387540755394777,2.177653886898738,20.444241678549297,4.443678395271667,1.3,0.45825756949558394,50.0,50.0,1.0,1.0,20.0,1.0,1.0,1.0,2.0
01_4.avi,15.3383460673126,3.2204002486557677,26.02632623017455,11.53096771299046,1.5263157894736843,0.7517293082676684,50.0,50.0,1.0,1.0,20.0,1.0,1.0,1.0,4.0
02_1.avi,3.8797176089168808,2.6170645053334822,,,1.0,0.0,50.0,50.0,1.0,1.0,20.0,1.0,1.0,1.0,2.0
02_11.avi,0.386212492907915,1.299143884419915,10.482342857280964,1.9509759979933938,5.578947368421052,0.8775437895017404,50.0,50.0,1.0,1.0,20.0,1.0,1.0,1.0,14.0
02_12.avi,8.935345363843627,3.8741197392873254,15.65942682928429,3.4421243471910086,1.75,0.4330127018922193,50.0,50.0,1.0,1.0,20.0,1.0,1.0,1.0,5.0
02_2.avi,7.99300296225478,3.4917689250535693,,,1.0,0.0,50.0,50.0,1.0,1.0,20.0,1.0,1.0,1.0,1.0
02_3.avi,4.1922599210982865,2.829559087370024,40.71881028960198,6.820706636258714,1.2777777777777777,0.4479032082388083,50.0,50.0,1.0,1.0,20.0,1.0,1.0,1.0,6.0
02_4.avi,14.104433535712632,5.081915809539249,14.273378987791277,5.365927806307288,3.15,1.1079259903080168,50.0,50.0,1.0,1.0,20.0,1.0,1.0,1.0,12.0
02_5.avi,12.165655844676825,4.063862865837588,17.939260239487062,5.2238996762621195,2.9,1.260952021291849,50.0,50.0,1.0,1.0,20.0,1.0,1.0,1.0,7.0
02_6.avi,6.019150848734507,3.3983179643235406,,,1.0,0.0,50.0,50.0,1.0,1.0,20.0,1.0,1.0,1.0,1.0
02_7.avi,5.944850512619635,3.478027424062391,14.468984349681573,5.249465132396053,2.4210526315789473,1.0913916501751433,50.0,50.0,1.0,1.0,20.0,1.0,1.0,1.0,10.0
02_8.avi,0.557834623531693,1.436253669957728,14.292125959881723,0.0,1.0833333333333333,0.2763853991962833,50.0,50.0,1.0,1.0,20.0,1.0,1.0,1.0,2.0
02_9.avi,0.27859601307192394,0.8484542746428765,14.286251903807669,4.965465272918643,2.85,0.7262919523166976,50.0,50.0,1.0,1.0,20.0,1.0,1.0,1.0,6.0
03_1.avi,2.6637902302450205,2.3061496958727656,14.77732022289507,0.9303663518952348,2.0,0.0,50.0,50.0,1.0,1.0,20.0,1.0,1.0,1.0,2.0
03_2.avi,7.133230270854739,4.370642820287413,32.12122517108038,0.6097952677066265,2.0,0.0,50.0,50.0,1.0,1.0,20.0,1.0,1.0,1.0,2.0
04_2.avi,5.149954489309883,1.8577173597196879,23.039045169104195,4.20488688237487,1.85,0.3570714214271425,50.0,50.0,1.0,1.0,20.0,1.0,1.0,1.0,2.0
04_3.avi,1.897490585673531,1.6010681907218356,,,1.0,0.0,50.0,50.0,1.0,1.0,20.0,1.0,1.0,1.0,1.0
04_4.avi,1.180365972384218,1.6760577451245426,29.106718980501707,4.026100118049495,1.7222222222222223,0.44790320823880836,50.0,50.0,1.0,1.0,20.0,1.0,1.0,1.0,2.0
05_1.avi,11.334657263829452,2.2237504037619393,29.30014128150156,8.804226360230677,2.4444444444444446,0.49690399499995325,50.0,50.0,1.0,1.0,20.0,1.0,1.0,1.0,6.0
05_2.avi,6.924599938114742,1.9129704345582843,23.345106317694952,2.6876371696555292,1.2352941176470589,0.42418250299576343,50.0,50.0,1.0,1.0,20.0,1.0,1.0,1.0,4.0
05_3.avi,10.627213547309685,2.123453646298211,18.621279516114253,10.44493570613342,2.8,0.9273618495495703,50.0,50.0,1.0,1.0,20.0,1.0,1.0,1.0,6.0
05_4.avi,3.0283690644941683,1.4452641243688356,10.190609132963145,3.328548161659752,5.35,1.3518505834595773,50.0,50.0,1.0,1.0,20.0,1.0,1.0,1.0,13.0
05_5.avi,8.454943477496522,2.6226785451416763,29.278252053846085,11.93915641601804,2.2222222222222223,0.8534606386520676,50.0,50.0,1.0,1.0,20.0,1.0,1.0,1.0,5.0
05_6.avi,4.432257379626783,3.62342358878403,22.169171215927314,8.626124769350376,2.25,0.4330127018922193,50.0,50.0,1.0,1.0,20.0,1.0,1.0,1.0,4.0
05_7.avi,1.4837917972444832,1.189608445217926,15.32275658291287,3.27371192580288,2.4,1.083205120618128,50.0,50.0,1.0,1.0,20.0,1.0,1.0,1.0,5.0
05_8.avi,3.5827882669957303,1.6109140477711112,,,1.0,0.0,50.0,50.0,1.0,1.0,20.0,1.0,1.0,1.0,3.0
06_1.avi,8.07777122810772,2.329149252531126,24.898933680301564,2.942739356916654,1.75,0.4330127018922193,50.0,50.0,1.0,1.0,20.0,1.0,1.0,1.0,3.0
06_2.avi,1.4753512835188993,1.885781580542604,,,1.0,0.0,50.0,50.0,1.0,1.0,20.0,1.0,1.0,1.0,1.0
06_3.avi,6.359306472078313,2.860776299990328,,,1.0,0.0,50.0,50.0,1.0,1.0,20.0,1.0,1.0,1.0,1.0
06_4.avi,2.8141483890651693,1.8172133014655028,19.55135702615754,4.803957323396724,1.45,0.5894913061275798,50.0,50.0,1.0,1.0,20.0,1.0,1.0,1.0,3.0
07_1.avi,3.829842337985801,2.977936780201402,16.453132293115793,1.4620707020352417,1.4705882352941178,0.4991341984846218,50.0,50.0,1.0,1.0,20.0,1.0,1.0,1.0,2.0
07_2.avi,11.07587310579219,4.705902498455507,,,1.0,0.0,50.0,50.0,1.0,1.0,20.0,1.0,1.0,1.0,1.0
07_3.avi,5.357392792357187,6.244253623737071,,,1.0,0.0,50.0,50.0,1.0,1.0,20.0,1.0,1.0,1.0,1.0
07_5.avi,0.4100966802389856,1.1353041175312706,,,1.0,0.0,50.0,50.0,1.0,1.0,20.0,1.0,1.0,1.0,1.0
07_6.avi,1.2839193482098548,2.0466762524075683,13.671470763222576,2.587214256639084,2.95,0.49749371855331004,50.0,50.0,1.0,1.0,20.0,1.0,1.0,1.0,4.0
08_1.avi,7.256334950542948,3.2816217203872498,24.831787947803868,3.8866825600108883,1.95,0.21794494717703372,50.0,50.0,1.0,1.0,20.0,1.0,1.0,1.0,2.0
08_2.avi,9.6571611060954,3.3723290738680043,,,1.0,0.0,50.0,50.0,1.0,1.0,20.0,1.0,1.0,1.0,1.0
08_3.avi,4.480723879157263,2.648677040560087,,,1.0,0.0,50.0,50.0,1.0,1.0,20.0,1.0,1.0,1.0,1.0
09_1.avi,1.864362874292258,1.477289616048403,,,1.0,0.0,50.0,50.0,1.0,1.0,20.0,1.0,1.0,1.0,1.0
09_2.avi,0.8616205478210294,1.3654838886667533,34.354508283392924,6.026553517342727,1.5555555555555556,0.4969039949999533,50.0,50.0,1.0,1.0,20.0,1.0,1.0,1.0,2.0
09_3.avi,1.1393535627468612,1.1072431000686807,16.730931204935047,3.728126961779571,3.6666666666666665,0.4714045207910317,50.0,50.0,1.0,1.0,20.0,1.0,1.0,1.0,4.0
09_4.avi,2.3834433380103546,1.720095391454977,17.31918245495733,6.441704784429488,2.85,0.7921489758877431,50.0,50.0,1.0,1.0,20.0,1.0,1.0,1.0,4.0
09_5.avi,2.4434472777013325,1.320229311678891,16.319709781679457,0.4620511057376224,3.65,0.5722761571129799,50.0,50.0,1.0,1.0,20.0,1.0,1.0,1.0,5.0
09_6.avi,5.499468547746737,1.6887322805437273,14.409764386136786,0.6253753251363596,2.0,0.0,50.0,50.0,1.0,1.0,20.0,1.0,1.0,1.0,2.0
10_1.avi,5.680476290685659,2.4873547774037865,21.434342698891363,9.64822799103355,2.5,1.2041594578792296,50.0,50.0,1.0,1.0,20.0,1.0,1.0,1.0,6.0
10_10.avi,4.002256696912101,2.1672455730139797,26.305396233440337,5.427614444775,1.4736842105263157,0.4993069989739547,50.0,50.0,1.0,1.0,20.0,1.0,1.0,1.0,2.0
10_2.avi,7.03110795182043,2.35772078105533,6.584795768532307,0.0,1.0909090909090908,0.28747978728803447,50.0,50.0,1.0,1.0,20.0,1.0,1.0,1.0,4.0
10_3.avi,2.7363121595070115,1.7611799072277505,15.073861469686289,7.780639545361287,3.1,0.7681145747868608,50.0,50.0,1.0,1.0,20.0,1.0,1.0,1.0,6.0
10_4.avi,3.1647911918394427,1.4243873918501349,13.212542061790137,5.197122962085437,4.4,0.9695359714832659,50.0,50.0,1.0,1.0,20.0,1.0,1.0,1.0,7.0
10_5.avi,8.922729734017588,3.052453182230717,9.983460869597511,5.21762516194178,4.25,1.3369741957120937,50.0,50.0,1.0,1.0,20.0,1.0,1.0,1.0,10.0
10_6.avi,8.992604538553946,2.694736322835234,20.43311430408982,10.31309552793905,2.55,1.0712142642814275,50.0,50.0,1.0,1.0,20.0,1.0,1.0,1.0,6.0
10_8.avi,2.5093090126559434,1.9475831609897236,,,1.0,0.0,50.0,50.0,1.0,1.0,20.0,1.0,1.0,1.0,1.0
10_9.avi,10.210610318288882,3.878856428287595,34.7207546549373,9.874637740218322,1.7777777777777777,0.5328701692569688,50.0,50.0,1.0,1.0,20.0,1.0,1.0,1.0,4.0
11_1.avi,3.926912799476933,1.7786044672325623,,,1.0,0.0,50.0,50.0,1.0,1.0,20.0,1.0,1.0,1.0,2.0
11_2.avi,3.2669944776545017,1.7463415622789293,21.223586696530575,5.7597155470166985,2.5,0.5,50.0,50.0,1.0,1.0,20.0,1.0,1.0,1.0,3.0
11_3.avi,2.8381668540195166,1.69078796798828,13.004763785248034,3.3186063464264364,2.9,0.5385164807134504,50.0,50.0,1.0,1.0,20.0,1.0,1.0,1.0,4.0
11_4.avi,4.2806411486754365,1.7239410913210134,21.320500798117777,8.448284078794726,1.75,0.4330127018922193,50.0,50.0,1.0,1.0,20.0,1.0,1.0,1.0,2.0
11_5.avi,2.3936931346231973,1.9558542527305942,30.956918980700106,10.947251185081623,1.7058823529411764,0.4556450995538138,50.0,50.0,1.0,1.0,20.0,1.0,1.0,1.0,4.0
11_6.avi,1.0451219977172241,1.4085031543164204,,,1.0,0.0,50.0,50.0,1.0,1.0,20.0,1.0,1.0,1.0,1.0
11_7.avi,2.1738074983712865,1.594869038177008,5.067998251509696,0.5877410168651266,2.75,0.8874119674649424,50.0,50.0,1.0,1.0,20.0,1.0,1.0,1.0,4.0
12_1.avi,11.99245219587081,5.024091225892202,27.04123270416044,14.27711041794936,1.6666666666666667,0.699205898780101,50.0,50.0,1.0,1.0,20.0,1.0,1.0,1.0,5.0
12_2.avi,1.4514837984065867,1.6464820239231734,20.515620499839592,3.233535267542349,1.5625,0.49607837082461076,50.0,50.0,1.0,1.0,20.0,1.0,1.0,1.0,5.0
12_3.avi,1.3585071346912208,1.223540391124909,23.210265422708904,8.170252274536086,1.55,0.49749371855331,50.0,50.0,1.0,1.0,20.0,1.0,1.0,1.0,2.0
12_4.avi,12.359840360805187,3.2771954128913556,9.046708039142388,2.5605636048775358,6.842105263157895,1.0888505718724841,50.0,50.0,1.0,1.0,20.0,1.0,1.0,1.0,13.0
12_5.avi,8.441456510530772,1.9105967876699752,12.147893458436181,6.656978196378116,4.4,1.5620499351813308,50.0,50.0,1.0,1.0,20.0,1.0,1.0,1.0,12.0
13_1.avi,4.880960072422642,2.9760469138065155,21.89447715266764,6.839505504581732,1.95,0.804673846971554,50.0,50.0,1.0,1.0,20.0,1.0,1.0,1.0,6.0
13_2.avi,1.636257515861397,3.006900960428764,,,1.0,0.0,50.0,50.0,1.0,1.0,20.0,1.0,1.0,1.0,1.0
13_3.avi,6.052876833919211,5.190473608496893,,,1.0,0.0,50.0,50.0,1.0,1.0,20.0,1.0,1.0,1.0,1.0
13_4.avi,12.116983686407814,3.4401204627933275,28.980062051609774,10.464384668037853,1.3,0.45825756949558394,50.0,50.0,1.0,1.0,20.0,1.0,1.0,1.0,3.0
13_5.avi,19.863772046158832,3.0088463933008343,8.033488580891653,2.064965750123568,6.5,1.2041594578792296,50.0,50.0,1.0,1.0,20.0,1.0,1.0,1.0,12.0
14_1.avi,4.026760442034132,2.5076455052832407,25.69695487767992,2.8499673784848265,1.4,0.48989794855663565,50.0,50.0,1.0,1.0,20.0,1.0,1.0,1.0,2.0
14_2.avi,0.37646247751715906,1.1645668897160866,,,1.0,0.0,50.0,50.0,1.0,1.0,20.0,1.0,1.0,1.0,1.0
14_3.avi,6.502270710119297,2.930338020592515,,,1.0,0.0,50.0,50.0,1.0,1.0,20.0,1.0,1.0,1.0,1.0
14_4.avi,inf,3.3827318562551185,9.431231249673324,2.876513523610399,5.55,1.2439855304624727,50.0,50.0,1.0,1.0,20.0,1.0,1.0,1.0,13.0
14_5.avi,0.3904095532472184,1.0867834477067229,,,1.0,0.0,50.0,50.0,1.0,1.0,20.0,1.0,1.0,1.0,3.0
14_6.avi,0.2967436624530635,1.0458442678729634,41.39608504610089,2.256692132855468,1.1875,0.3903123748998999,50.0,50.0,1.0,1.0,20.0,1.0,1.0,1.0,3.0
15_1.avi,6.50973557057732,2.062647707677629,25.251311739123185,7.807335746428773,2.55,0.4974937185533101,50.0,50.0,1.0,1.0,20.0,1.0,1.0,1.0,3.0
15_2.avi,4.100648792068045,1.6362526845265275,20.832117831213107,8.755022641456389,2.3,0.45825756949558405,50.0,50.0,1.0,1.0,20.0,1.0,1.0,1.0,3.0
15_3.avi,5.133799949103674,1.7100655507351161,8.395562004065205,2.1841514868550203,5.111111111111111,0.8089010988089465,50.0,50.0,1.0,1.0,20.0,1.0,1.0,1.0,9.0
16_1.avi,3.00066785055794,1.508145483549701,21.863007128490175,9.08593892946958,2.65,0.47696960070847294,50.0,50.0,1.0,1.0,20.0,1.0,1.0,1.0,6.0
16_2.avi,6.656030546626603,2.296811993193919,,,1.0,0.0,50.0,50.0,1.0,1.0,20.0,1.0,1.0,1.0,1.0
16_3.avi,2.1715215109890673,1.664911726416591,14.263483392985686,1.1550394651225324,2.15,0.3570714214271425,50.0,50.0,1.0,1.0,20.0,1.0,1.0,1.0,3.0
16_4.avi,9.965884836465895,1.7601717723532018,10.782024725628622,2.6569657571528875,5.25,1.0897247358851685,50.0,50.0,1.0,1.0,20.0,1.0,1.0,1.0,12.0
16_5.avi,5.657969101658004,1.7194100440730165,12.41963854716447,1.3845531692350994,4.176470588235294,0.6169463812765598,50.0,50.0,1.0,1.0,20.0,1.0,1.0,1.0,5.0
17_1.avi,1.969180236381313,2.1356314046167064,,,1.0,0.0,50.0,50.0,1.0,1.0,20.0,1.0,1.0,1.0,1.0
17_2.avi,5.1224472596411115,2.2543585766923373,39.17523813974953,11.47270848221802,1.4,0.48989794855663565,50.0,50.0,1.0,1.0,20.0,1.0,1.0,1.0,3.0
17_3.avi,3.5357589755547076,2.216547247493243,14.38664618823962,6.29643195894914,2.75,0.4330127018922193,50.0,50.0,1.0,1.0,20.0,1.0,1.0,1.0,5.0
17_5.avi,2.31160393385428,1.9189652123329402,,,1.0,0.0,50.0,50.0,1.0,1.0,20.0,1.0,1.0,1.0,1.0
17_6.avi,2.309279671313276,2.5254648415350665,,,1.0,0.0,50.0,50.0,1.0,1.0,20.0,1.0,1.0,1.0,1.0
17_7.avi,5.140164507073126,2.539549868698168,12.434703958954215,5.726757077855437,2.5555555555555554,0.49690399499995325,50.0,50.0,1.0,1.0,20.0,1.0,1.0,1.0,3.0
18_1.avi,4.521451988957223,3.4823058827987774,40.12146060737982,0.0,1.0588235294117647,0.23529411764705885,50.0,50.0,1.0,1.0,20.0,1.0,1.0,1.0,2.0
18_2.avi,2.043882916211897,1.8832818611890596,23.060769939600025,13.35074110855678,2.4,0.7118052168020874,50.0,50.0,1.0,1.0,20.0,1.0,1.0,1.0,3.0
18_3.avi,0.6709323972202024,1.5436348854160296,5.397298606152075,0.6347479639263138,6.15,0.7262919523166976,50.0,50.0,1.0,1.0,20.0,1.0,1.0,1.0,12.0
18_4.avi,4.122644281023379,4.277926936091174,29.81076898484103,7.487237802445495,2.15,0.3570714214271425,50.0,50.0,1.0,1.0,20.0,1.0,1.0,1.0,3.0
19_1.avi,6.41143616646667,2.4441972113809816,33.90210386338305,3.961467810845427,1.9285714285714286,0.25753937681885636,50.0,50.0,1.0,1.0,20.0,1.0,1.0,1.0,2.0
19_2.avi,0.17342001278317068,1.0120302236266228,22.68496092559638,0.4968131436844201,2.55,0.4974937185533101,50.0,50.0,1.0,1.0,20.0,1.0,1.0,1.0,3.0
20_1.avi,1.1747876872151408,0.7539194010667274,14.72838058600224,9.501326141696543,2.8,0.7483314773547883,50.0,50.0,1.0,1.0,20.0,1.0,1.0,1.0,6.0
20_2.avi,3.4170630279833047,1.151377680123268,7.283736136612158,2.84538362234408,6.05,1.499166435056495,50.0,50.0,1.0,1.0,20.0,1.0,1.0,1.0,19.0
20_3.avi,1.9620253114575898,1.5363249385811308,13.64902969706099,8.653209067012863,2.95,1.116915395184434,50.0,50.0,1.0,1.0,20.0,1.0,1.0,1.0,8.0
20_4.avi,0.5244413161116354,0.9718518595602915,18.058841118331852,5.654121170125474,3.2777777777777777,0.9891385452647142,50.0,50.0,1.0,1.0,20.0,1.0,1.0,1.0,7.0
20_5.avi,0.31757410121328544,0.9366447884196984,20.43133830901935,3.355706294306518,1.4,0.48989794855663565,50.0,50.0,1.0,1.0,20.0,1.0,1.0,1.0,2.0
20_6.avi,0.5160835977843563,0.9770860137653092,9.45529553784816,1.0080754914502046,4.166666666666667,0.6871842709362768,50.0,50.0,1.0,1.0,20.0,1.0,1.0,1.0,5.0
21_1.avi,3.4826482892059762,2.5115115716201655,22.08695987677592,7.801387238884265,1.6666666666666667,0.4714045207910317,50.0,50.0,1.0,1.0,20.0,1.0,1.0,1.0,2.0
21_2.avi,1.4059394370233564,1.9619125946655134,,,1.0,0.0,50.0,50.0,1.0,1.0,20.0,1.0,1.0,1.0,1.0
21_3.avi,2.4644923905740432,2.1982493694822023,40.61915939539873,0.6153479853436821,1.25,0.4330127018922193,50.0,50.0,1.0,1.0,20.0,1.0,1.0,1.0,2.0
21_4.avi,3.762259924821448,2.5405325557451564,,,1.0,0.0,50.0,50.0,1.0,1.0,20.0,1.0,1.0,1.0,3.0
21_5.avi,2.7547635621936832,2.712080476007219,,,1.0,0.0,50.0,50.0,1.0,1.0,20.0,1.0,1.0,1.0,1.0
21_6.avi,4.72151935089617,3.3501532574853092,,,1.0,0.0,50.0,50.0,1.0,1.0,20.0,1.0,1.0,1.0,2.0
21_7.avi,5.841627116592127,3.0529797930303237,20.530505015404835,2.4041158945973224,3.15,0.47696960070847283,50.0,50.0,1.0,1.0,20.0,1.0,1.0,1.0,5.0
21_8.avi,4.0577861707666845,2.817398077577151,,,1.0,0.0,50.0,50.0,1.0,1.0,20.0,1.0,1.0,1.0,2.0
22_1.avi,12.85180709514313,5.4667415595587245,53.9122328536811,0.0,1.0666666666666667,0.24944382578492943,50.0,50.0,1.0,1.0,20.0,1.0,1.0,1.0,2.0
22_2.avi,19.633677793385893,4.333655410358775,,,1.0,0.0,50.0,50.0,1.0,1.0,20.0,1.0,1.0,1.0,1.0
22_3.avi,9.689567208913067,3.746477562195143,28.314512005609387,7.951028248044969,2.142857142857143,0.5150787536377128,50.0,50.0,1.0,1.0,20.0,1.0,1.0,1.0,4.0
22_4.avi,10.681430477053985,3.8171709767982427,29.245801518257483,0.0,1.1428571428571428,0.3499271061118826,50.0,50.0,1.0,1.0,20.0,1.0,1.0,1.0,2.0
23_1.avi,9.136159982110122,3.774667918111472,18.02302438003463,6.397079710463046,1.8,0.8124038404635961,50.0,50.0,1.0,1.0,20.0,1.0,1.0,1.0,4.0
23_2.avi,3.4486546073704583,3.1047486162272544,15.14226003369597,4.294116772037604,1.631578947368421,0.48237638894272,50.0,50.0,1.0,1.0,20.0,1.0,1.0,1.0,6.0
23_3.avi,5.819531301192377,2.5326198029951668,9.554383022787187,0.6705423667411315,1.35,0.47696960070847294,50.0,50.0,1.0,1.0,20.0,1.0,1.0,1.0,3.0
23_4.avi,1.6558282241032636,0.7390039431031622,10.346847145448399,6.061929580702687,4.25,0.9937303457175896,50.0,50.0,1.0,1.0,20.0,1.0,1.0,1.0,5.0
23_7.avi,0.7461244773263511,1.073235245089327,17.50821095089265,5.380726511655335,3.15,0.9630680142129111,50.0,50.0,1.0,1.0,20.0,1.0,1.0,1.0,8.0
24_1.avi,5.352210560453639,2.2868989641577686,21.337557754024445,1.4007769942625483,1.105263157894737,0.30689220499185793,50.0,50.0,1.0,1.0,20.0,1.0,1.0,1.0,2.0
24_2.avi,1.2682453390522443,1.2678796695995098,29.000656432227274,4.966086048474532,1.105263157894737,0.3068922049918579,50.0,50.0,1.0,1.0,20.0,1.0,1.0,1.0,4.0
24_3.avi,6.078061785297332,2.09832812819497,,,1.0,0.0,50.0,50.0,1.0,1.0,20.0,1.0,1.0,1.0,1.0
24_4.avi,5.298051944304148,2.211077046216053,11.24947513496364,2.0346405603820945,4.4,0.58309518948453,50.0,50.0,1.0,1.0,20.0,1.0,1.0,1.0,5.0
24_5.avi,4.300450011490099,1.836059401667535,,,1.0,0.0,50.0,50.0,1.0,1.0,20.0,1.0,1.0,1.0,1.0
25_1.avi,10.735214541266282,2.9445247516109707,,,1.0,0.0,50.0,50.0,1.0,1.0,20.0,1.0,1.0,1.0,1.0
25_10.avi,0.21520082097564766,0.901968036605322,,,1.0,0.0,50.0,50.0,1.0,1.0,20.0,1.0,1.0,1.0,1.0
25_12.avi,4.060762407696158,2.436896548080872,21.476830653047962,7.432162246172127,1.4666666666666666,0.7180219742846006,50.0,50.0,1.0,1.0,20.0,1.0,1.0,1.0,7.0
25_13.avi,10.415280863331176,2.923781493828239,16.91350780425743,8.1511681036926,1.6,0.5830951894845301,50.0,50.0,1.0,1.0,20.0,1.0,1.0,1.0,5.0
25_2.avi,9.510872998322117,3.4337891574846844,26.996864749004022,8.871780586602808,1.6,0.48989794855663565,50.0,50.0,1.0,1.0,20.0,1.0,1.0,1.0,3.0
25_3.avi,8.302519038229242,2.2036732091037066,24.052651567609725,8.897810934582617,1.75,0.4330127018922193,50.0,50.0,1.0,1.0,20.0,1.0,1.0,1.0,4.0
25_4.avi,12.914928224161429,3.2027726658581486,24.800997306122866,10.453331263484717,1.6111111111111112,0.7556372504853025,50.0,50.0,1.0,1.0,20.0,1.0,1.0,1.0,4.0
25_5.avi,0.2975829556901578,0.9204114767895973,19.3620285097265,7.645759976926763,1.631578947368421,0.48237638894272,50.0,50.0,1.0,1.0,20.0,1.0,1.0,1.0,4.0
25_6.avi,8.141204279258218,2.389680167609855,33.26537055169838,13.997654989032513,1.6470588235294117,0.7624400821656306,50.0,50.0,1.0,1.0,20.0,1.0,1.0,1.0,6.0
25_7.avi,8.140548035118352,3.137059921357511,46.89454467072133,4.675600439484189,1.1875,0.5266343608235224,50.0,50.0,1.0,1.0,20.0,1.0,1.0,1.0,3.0
25_8.avi,0.6750742344161362,1.5630724250656352,23.614676933176185,10.80049789522157,1.7,0.45825756949558394,50.0,50.0,1.0,1.0,20.0,1.0,1.0,1.0,4.0
25_9.avi,1.2461028152236424,2.0988266499771786,26.5930919881373,2.149330675984067,1.2222222222222223,0.41573970964154905,50.0,50.0,1.0,1.0,20.0,1.0,1.0,1.0,3.0
26_1.avi,4.686752437883766,3.6156801787946136,,,1.0,0.0,50.0,50.0,1.0,1.0,20.0,1.0,1.0,1.0,1.0
26_3.avi,2.6907216057068357,2.0471213785062012,,,1.0,0.0,50.0,50.0,1.0,1.0,20.0,1.0,1.0,1.0,1.0
26_4.avi,6.164328854013731,1.9309773253615616,13.38769936865987,1.6773770758558701,4.117647058823529,0.4705882352941176,50.0,50.0,1.0,1.0,20.0,1.0,1.0,1.0,5.0
26_5.avi,4.3871266993028355,4.389666915546371,24.91556092198527,4.503373097505963,1.4166666666666667,0.4930066485916347,50.0,50.0,1.0,1.0,20.0,1.0,1.0,1.0,2.0
26_6.avi,6.5155034772795535,1.7251258922101225,9.703241762386872,3.01459511707979,4.9,0.6244997998398398,50.0,50.0,1.0,1.0,20.0,1.0,1.0,1.0,8.0
27_1.avi,6.210586705096492,16.27777283720043,,,1.0,0.0,50.0,50.0,1.0,1.0,20.0,1.0,1.0,1.0,1.0
27_2.avi,14.491253930339312,6.668975381092746,22.13781181637311,12.601871184601857,2.263157894736842,0.7139294719079231,50.0,50.0,1.0,1.0,20.0,1.0,1.0,1.0,4.0
27_3.avi,12.212756782614708,5.61188078921006,46.19256646995545,0.0,1.0625,0.24206145913796356,50.0,50.0,1.0,1.0,20.0,1.0,1.0,1.0,2.0
27_4.avi,7.633747601747922,7.855183466460501,,,1.0,0.0,50.0,50.0,1.0,1.0,20.0,1.0,1.0,1.0,1.0
28_1.avi,6.568606806556207,2.1898320210875584,16.377799572838597,2.2236531237343424,2.8,0.39999999999999997,50.0,50.0,1.0,1.0,20.0,1.0,1.0,1.0,3.0
28_2.avi,6.167436500335205,2.245433445437913,19.330048771207373,7.812122204954682,1.7,0.714142842854285,50.0,50.0,1.0,1.0,20.0,1.0,1.0,1.0,4.0
28_4.avi,4.282977262297437,3.231204859666664,19.515277776996196,4.493172841164375,2.1,0.7,50.0,50.0,1.0,1.0,20.0,1.0,1.0,1.0,4.0
29_1.avi,1.2478872976228685,1.7634041538331457,,,1.0,0.0,50.0,50.0,1.0,1.0,20.0,1.0,1.0,1.0,1.0
29_11.avi,2.4276951629676127,0.4764729899717242,28.95947036546864,14.797980339323384,1.85,0.5722761571129799,50.0,50.0,1.0,1.0,20.0,1.0,1.0,1.0,6.0
29_12.avi,1.4477018749235009,1.7721704554804003,13.504921964904405,5.41751717097203,1.95,0.8046738469715541,50.0,50.0,1.0,1.0,20.0,1.0,1.0,1.0,5.0
29_13.avi,6.074839940951493,3.7748155029638966,16.790529501438343,6.56878196544954,1.7222222222222223,0.8031573497111644,50.0,50.0,1.0,1.0,20.0,1.0,1.0,1.0,5.0
29_2.avi,2.7363345836653044,2.066236221104826,15.954026827287796,8.304153750473537,3.15,0.792148975887743,50.0,50.0,1.0,1.0,20.0,1.0,1.0,1.0,6.0
29_3.avi,5.886071740300392,2.6702500482445894,18.036555620635756,5.899740424256703,2.9444444444444446,0.22906142364542562,50.0,50.0,1.0,1.0,20.0,1.0,1.0,1.0,4.0
29_4.avi,1.9830157176373575,2.3124739068660856,,,1.0,0.0,50.0,50.0,1.0,1.0,20.0,1.0,1.0,1.0,1.0
29_5.avi,3.2550730513767956,2.177593871024886,7.964292309922048,2.4729307604642514,4.411764705882353,0.49215295678475035,50.0,50.0,1.0,1.0,20.0,1.0,1.0,1.0,7.0
29_6.avi,3.1440313148496557,3.140290264560326,,,1.0,0.0,50.0,50.0,1.0,1.0,20.0,1.0,1.0,1.0,1.0
29_7.avi,56.66847136051807,183.1441162167332,14.983003762782626,7.424483072575444,1.4,0.5830951894845301,50.0,50.0,1.0,1.0,20.0,1.0,1.0,1.0,3.0
29_8.avi,3.310670084707062,1.915954210964553,40.67253340424632,0.0,1.125,0.33071891388307384,50.0,50.0,1.0,1.0,20.0,1.0,1.0,1.0,2.0
29_9.avi,3.36750063330104,2.3904608615352663,,,1.0,0.0,50.0,50.0,1.0,1.0,20.0,1.0,1.0,1.0,1.0
30_1.avi,4.232269759452511,1.9458088576841817,32.4745436526792,4.476112227904467,1.1666666666666667,0.3726779962499649,50.0,50.0,1.0,1.0,20.0,1.0,1.0,1.0,2.0
30_2.avi,1.2581582644755742,1.4853450885176334,57.02054558030464,5.186672249458948,1.25,0.4330127018922193,50.0,50.0,1.0,1.0,20.0,1.0,1.0,1.0,2.0
30_3.avi,2.9002666858235133,1.8168525298151157,17.857638340714942,2.6109801683230907,1.4,0.48989794855663565,50.0,50.0,1.0,1.0,20.0,1.0,1.0,1.0,2.0
30_4.avi,1.451412640670569,1.6921638982725449,,,1.0,0.0,50.0,50.0,1.0,1.0,20.0,1.0,1.0,1.0,1.0
31_1.avi,5.319362402369178,2.4727719002297777,8.444998542146875,1.5378881747956439,3.5,0.5916079783099616,50.0,50.0,1.0,1.0,20.0,1.0,1.0,1.0,6.0
31_2.avi,3.492145717587461,2.5812328667315008,17.312307677318053,0.8670671820450649,2.15,0.3570714214271425,50.0,50.0,1.0,1.0,20.0,1.0,1.0,1.0,3.0
31_3.avi,7.1851394042177334,2.3166198668869544,19.697066818635697,2.6730381992887815,3.1,0.5385164807134504,50.0,50.0,1.0,1.0,20.0,1.0,1.0,1.0,4.0
31_4.avi,7.234081131899316,2.9559800538715444,11.079680369566805,1.3516778628633008,4.05,0.3840572873934304,50.0,50.0,1.0,1.0,20.0,1.0,1.0,1.0,6.0
31_5.avi,10.482142070419815,3.1115803979729955,12.754618308289263,4.973047327835459,3.9,0.7000000000000001,50.0,50.0,1.0,1.0,20.0,1.0,1.0,1.0,5.0
32_1.avi,8.104381069165523,3.077882267270666,19.44671597110441,8.411308271560811,2.55,0.6689544080129827,50.0,50.0,1.0,1.0,20.0,1.0,1.0,1.0,3.0
32_2.avi,6.2449141149157095,2.7821776453046594,10.684072093646783,5.569009920200165,3.3,0.5567764362830021,50.0,50.0,1.0,1.0,20.0,1.0,1.0,1.0,5.0
32_3.avi,2.1769738357292554,1.5666139614835164,,,1.0,0.0,50.0,50.0,1.0,1.0,20.0,1.0,1.0,1.0,1.0
32_4.avi,8.264376197361276,2.970677734970195,24.410167513894343,4.0832809259633445,1.85,0.653834841531101,50.0,50.0,1.0,1.0,20.0,1.0,1.0,1.0,3.0
33_1.avi,3.8511926225953115,2.555842812310559,18.43664783815566,8.198280416994132,3.111111111111111,0.6573421981221795,50.0,50.0,1.0,1.0,20.0,1.0,1.0,1.0,4.0
33_2.avi,2.0006950479019365,1.7723128406686655,13.110864541764151,11.594463362691613,1.9,0.43588989435406733,50.0,50.0,1.0,1.0,20.0,1.0,1.0,1.0,3.0
33_3.avi,2.5228482158604577,1.732293588301348,26.510301887607135,14.541513121645757,2.75,0.5361902647381804,50.0,50.0,1.0,1.0,20.0,1.0,1.0,1.0,5.0
33_4.avi,5.67333936920881,2.491012019858333,21.888507309906192,0.23441685450383118,2.0,0.0,50.0,50.0,1.0,1.0,20.0,1.0,1.0,1.0,2.0
33_5.avi,2.7987051082233405,1.8817892522668944,28.731849176190988,0.47350911856376143,1.2222222222222223,0.41573970964154905,50.0,50.0,1.0,1.0,20.0,1.0,1.0,1.0,2.0
34_1.avi,1.0107527186594678,1.0942233023584833,19.155770403989866,8.065473843085572,1.8421052631578947,0.9326339550878605,50.0,50.0,1.0,1.0,20.0,1.0,1.0,1.0,7.0
34_2.avi,3.6072206319159026,1.9519812136174468,18.852615390520622,7.208018300857383,1.5625,0.49607837082461076,50.0,50.0,1.0,1.0,20.0,1.0,1.0,1.0,3.0
34_3.avi,3.3324662670104357,1.7307999500476163,17.640100907764044,9.424201244139246,1.5555555555555556,0.4969039949999533,50.0,50.0,1.0,1.0,20.0,1.0,1.0,1.0,5.0
34_4.avi,2.6410007824747694,1.7278765438345025,21.14509908034657,4.752315687781819,1.6923076923076923,0.46153846153846156,50.0,50.0,1.0,1.0,20.0,1.0,1.0,1.0,3.0
34_5.avi,4.935243493992338,2.2468166340852918,20.514113173291452,8.498105088892396,2.55,0.4974937185533101,50.0,50.0,1.0,1.0,20.0,1.0,1.0,1.0,3.0
34_6.avi,6.427095244749398,2.0569886553162133,17.9492789460494,3.224023926376081,3.4,0.5830951894845301,50.0,50.0,1.0,1.0,20.0,1.0,1.0,1.0,7.0
34_7.avi,0.6585488062762629,1.0578077914686026,27.739282603241207,13.021968265864253,2.85,0.6538348415311012,50.0,50.0,1.0,1.0,20.0,1.0,1.0,1.0,5.0
34_8.avi,8.185002713748457,2.530696313175431,,,1.0,0.0,50.0,50.0,1.0,1.0,20.0,1.0,1.0,1.0,2.0
34_9.avi,9.530412302348829,2.3844041571104215,21.90561265061928,1.9465753197454747,1.2,0.4,50.0,50.0,1.0,1.0,20.0,1.0,1.0,1.0,2.0
35_1.avi,6.554314015829727,3.369071912420611,16.0586317322256,2.75413327866461,2.5,0.5,50.0,50.0,1.0,1.0,20.0,1.0,1.0,1.0,3.0
35_2.avi,3.9558619859271875,2.0036693719705476,29.23047203188442,2.3505612162890985,1.4666666666666666,0.49888765156985887,50.0,50.0,1.0,1.0,20.0,1.0,1.0,1.0,2.0
35_3.avi,0.7028970133968452,1.5272068113268418,19.24116476438109,5.571712239609662,1.5,0.5,50.0,50.0,1.0,1.0,20.0,1.0,1.0,1.0,2.0
35_4.avi,5.415753862126701,2.8714077801111455,,,1.0,0.0,50.0,50.0,1.0,1.0,20.0,1.0,1.0,1.0,1.0
35_5.avi,6.7296921671387535,2.479694835680537,,,1.0,0.0,50.0,50.0,1.0,1.0,20.0,1.0,1.0,1.0,1.0
35_6.avi,1.3663340046279937,0.6262666695573944,19.358956742730285,9.660510089695345,2.764705882352941,0.6443794794178425,50.0,50.0,1.0,1.0,20.0,1.0,1.0,1.0,5.0
35_7.avi,10.690585046853082,2.7635242144985575,,,1.0,0.0,50.0,50.0,1.0,1.0,20.0,1.0,1.0,1.0,1.0
35_8.avi,3.0185513794547343,2.8616975318237308,,,1.0,0.0,50.0,50.0,1.0,1.0,20.0,1.0,1.0,1.0,2.0
35_9.avi,2.7368395721269896,1.628808087808377,34.11441822310939,6.065853789022469,1.1428571428571428,0.3499271061118826,50.0,50.0,1.0,1.0,20.0,1.0,1.0,1.0,2.0
36_1.avi,8.186660843311362,2.8125464004843,34.5137277376424,6.79578047740239,1.2,0.4,50.0,50.0,1.0,1.0,20.0,1.0,1.0,1.0,2.0
36_10.avi,3.397084463239496,2.109235484945625,11.860565539873104,0.0,1.1111111111111112,0.3142696805273545,50.0,50.0,1.0,1.0,20.0,1.0,1.0,1.0,3.0
36_2.avi,5.513169546259343,2.170997875083921,11.230870392805134,3.465834849347355,2.75,0.698212002188447,50.0,50.0,1.0,1.0,20.0,1.0,1.0,1.0,4.0
36_3.avi,1.391725611603583,1.7154344007471305,17.269080973180507,7.210552555202125,2.25,0.5361902647381804,50.0,50.0,1.0,1.0,20.0,1.0,1.0,1.0,6.0
36_4.avi,15.406332430595734,2.450956872288685,16.32461876790114,3.6365509750550666,3.15,0.3570714214271425,50.0,50.0,1.0,1.0,20.0,1.0,1.0,1.0,4.0
36_5.avi,5.013114555496537,1.9554438569905552,,,1.0,0.0,50.0,50.0,1.0,1.0,20.0,1.0,1.0,1.0,2.0
36_6.avi,7.769995340724139,2.3266810783294796,27.525203470085387,12.61052355541439,1.85,0.653834841531101,50.0,50.0,1.0,1.0,20.0,1.0,1.0,1.0,3.0
36_7.avi,3.543449322221055,2.468036668550507,13.865611433567018,9.395716902513708,3.0,2.280350850198276,50.0,50.0,1.0,1.0,20.0,1.0,1.0,1.0,11.0
36_8.avi,1.0446398168659927,0.4240858808479274,,,1.0,0.0,50.0,50.0,1.0,1.0,20.0,1.0,1.0,1.0,1.0
37_1.avi,2.955197036452278,1.7996767823006468,27.69257281034923,8.28346389418238,1.9285714285714286,0.25753937681885636,50.0,50.0,1.0,1.0,20.0,1.0,1.0,1.0,3.0
37_2.avi,4.8132012399592075,2.659849604533541,15.14677963628727,1.8675708635230084,2.6363636363636362,0.48104569292083466,50.0,50.0,1.0,1.0,20.0,1.0,1.0,1.0,3.0
37_3.avi,7.745996734160976,2.8309590456899794,,,1.0,0.0,50.0,50.0,1.0,1.0,20.0,1.0,1.0,1.0,2.0
37_4.avi,5.139834395094345,2.474944723699164,17.271698428805628,6.284873902574991,1.25,0.4330127018922193,50.0,50.0,1.0,1.0,20.0,1.0,1.0,1.0,2.0
37_5.avi,2.891729823043395,2.5986622581872894,,,1.0,0.0,50.0,50.0,1.0,1.0,20.0,1.0,1.0,1.0,1.0
37_6.avi,7.617703266171977,3.0505168697605556,17.893042752103568,4.788196146538098,1.2,0.4,50.0,50.0,1.0,1.0,20.0,1.0,1.0,1.0,2.0
37_7.avi,11.079891781770193,4.077772687037303,34.70266451758671,2.039292805227464,1.263157894736842,0.44034738238635557,50.0,50.0,1.0,1.0,20.0,1.0,1.0,1.0,2.0
37_8.avi,5.069310762808814,2.4970526806482427,28.91816251942984,0.0,1.0666666666666667,0.24944382578492943,50.0,50.0,1.0,1.0,20.0,1.0,1.0,1.0,3.0
38_1.avi,5.480674381289557,2.102160045636272,15.960786440935172,8.687230949669631,2.5,1.2133516482134197,50.0,50.0,1.0,1.0,20.0,1.0,1.0,1.0,8.0
38_10.avi,13.0858581709634,6.6217963501436925,,,1.0,0.0,50.0,50.0,1.0,1.0,20.0,1.0,1.0,1.0,3.0
38_2.avi,12.22678829848572,4.426407716495665,32.04515396918428,10.228207209294977,1.5,0.5,50.0,50.0,1.0,1.0,20.0,1.0,1.0,1.0,2.0
38_3.avi,1.247501744563919,1.4257439489582842,14.631466760455831,6.615748644128304,2.6666666666666665,0.6666666666666666,50.0,50.0,1.0,1.0,20.0,1.0,1.0,1.0,7.0
38_4.avi,0.37198591785996993,0.8921532527408219,20.281119626644028,10.810705469648958,2.35,0.5722761571129799,50.0,50.0,1.0,1.0,20.0,1.0,1.0,1.0,9.0
38_5.avi,12.467518788289174,4.08161195039403,13.654351786193365,5.576667053599947,2.9473684210526314,0.9986139979479092,50.0,50.0,1.0,1.0,20.0,1.0,1.0,1.0,9.0
38_6.avi,6.361019865885385,3.160332280359552,42.83583655114631,13.616848766052305,1.4666666666666666,0.49888765156985887,50.0,50.0,1.0,1.0,20.0,1.0,1.0,1.0,4.0
38_7.avi,0.8859820059402348,1.356269094861224,14.61054322761141,7.908932033131866,2.2222222222222223,0.9749960430435691,50.0,50.0,1.0,1.0,20.0,1.0,1.0,1.0,7.0
38_8.avi,8.444547237526626,2.6613272303591704,,,1.0,0.0,50.0,50.0,1.0,1.0,20.0,1.0,1.0,1.0,1.0
38_9.avi,8.968929588180702,3.5967852723114144,37.608972917965474,14.342474066865494,1.3333333333333333,0.4714045207910317,50.0,50.0,1.0,1.0,20.0,1.0,1.0,1.0,6.0
39_1.avi,13.687346721671405,3.3720537047450425,19.075540872148007,7.275055497590996,4.052631578947368,0.7590634264134716,50.0,50.0,1.0,1.0,20.0,1.0,1.0,1.0,6.0
39_2.avi,12.781569801407692,2.6228842561265586,32.834275046091776,9.076894453516788,1.6,0.6633249580710799,50.0,50.0,1.0,1.0,20.0,1.0,1.0,1.0,4.0
39_3.avi,8.69089850766467,2.4824333195230475,26.455048186643825,3.2820131156182324,1.6,0.48989794855663565,50.0,50.0,1.0,1.0,20.0,1.0,1.0,1.0,2.0
39_4.avi,4.288011909151147,2.6057055192196485,32.573487775652886,0.7921162349048472,1.15,0.3570714214271425,50.0,50.0,1.0,1.0,20.0,1.0,1.0,1.0,2.0
39_5.avi,11.224922282520428,2.1067453587895635,21.200186294010194,2.4608806833461925,2.1578947368421053,0.36464227527765836,50.0,50.0,1.0,1.0,20.0,1.0,1.0,1.0,3.0
39_6.avi,15.802772401292662,2.8385901353545675,16.41602672790348,7.080039428663539,2.65,0.852936105461599,50.0,50.0,1.0,1.0,20.0,1.0,1.0,1.0,5.0
39_7.avi,3.89402582027141,4.616352848058108,,,1.0,0.0,50.0,50.0,1.0,1.0,20.0,1.0,1.0,1.0,1.0
40_1.avi,1.4096037802009314,2.21022831453572,25.34625115716097,6.597807390807366,1.9444444444444444,0.4044505494044732,50.0,50.0,1.0,1.0,20.0,1.0,1.0,1.0,5.0
40_2.avi,4.9269341234596356,4.248541712152669,,,1.0,0.0,50.0,50.0,1.0,1.0,20.0,1.0,1.0,1.0,2.0
40_3.avi,21.182510668237168,4.935445778175291,27.36494621354681,6.930945633511452,1.2857142857142858,0.45175395145262565,50.0,50.0,1.0,1.0,20.0,1.0,1.0,1.0,4.0
40_4.avi,13.191286351755107,6.698558943164031,23.01561468940705,0.0,1.05,0.21794494717703372,50.0,50.0,1.0,1.0,20.0,1.0,1.0,1.0,2.0
40_5.avi,0.559400863820338,1.3760958397777334,26.073968279475903,13.28104611408239,2.15,0.5722761571129799,50.0,50.0,1.0,1.0,20.0,1.0,1.0,1.0,4.0
40_6.avi,14.978842094689165,6.16443661243503,21.89902517344767,4.00383387039095,1.4705882352941178,0.4991341984846218,50.0,50.0,1.0,1.0,20.0,1.0,1.0,1.0,3.0
40_7.avi,8.500645382046397,3.040760684827967,15.52341651466889,10.767607309398025,2.85,0.5722761571129799,50.0,50.0,1.0,1.0,20.0,1.0,1.0,1.0,7.0
40_8.avi,14.11418329721086,3.3883428700693483,26.96068578292705,9.89875290374684,1.5555555555555556,0.5983516452371671,50.0,50.0,1.0,1.0,20.0,1.0,1.0,1.0,7.0
41_1.avi,26.63627965136064,3.5170127366819033,13.163494709034877,5.4382195369148985,3.9,0.43588989435406733,50.0,50.0,1.0,1.0,20.0,1.0,1.0,1.0,5.0
41_2.avi,5.8943467760935455,2.931690062568405,19.835349267478247,0.41134931081622383,1.1,0.3,50.0,50.0,1.0,1.0,20.0,1.0,1.0,1.0,2.0
41_3.avi,10.960281868902937,4.26368663833325,,,1.0,0.0,50.0,50.0,1.0,1.0,20.0,1.0,1.0,1.0,1.0
41_4.avi,6.635269462296857,4.227670056138782,33.56424544602928,10.725073114028751,1.75,0.6224949798994366,50.0,50.0,1.0,1.0,20.0,1.0,1.0,1.0,3.0
41_5.avi,6.819440416858996,3.111338790026559,34.78383931886298,6.907881141415318,1.7647058823529411,0.42418250299576343,50.0,50.0,1.0,1.0,20.0,1.0,1.0,1.0,2.0
41_6.avi,3.9545768958430045,2.5777213089490028,,,1.0,0.0,50.0,50.0,1.0,1.0,20.0,1.0,1.0,1.0,1.0
42_2.avi,4.980620647476499,2.41050516614479,26.10006732879561,0.3237323610417736,2.0,0.0,50.0,50.0,1.0,1.0,20.0,1.0,1.0,1.0,2.0
42_3.avi,13.191280206602622,2.7724783502382886,25.37844076291237,0.5132253117200135,2.0,0.0,50.0,50.0,1.0,1.0,20.0,1.0,1.0,1.0,2.0
43_1.avi,7.846116712074441,3.5008558511072714,14.44334237450524,4.492440486447853,2.6470588235294117,1.1345471483521123,50.0,50.0,1.0,1.0,20.0,1.0,1.0,1.0,4.0
43_2.avi,1.3352608951991256,1.5767572390858005,,,1.0,0.0,50.0,50.0,1.0,1.0,20.0,1.0,1.0,1.0,1.0
43_3.avi,1.524898397003177,1.5734990987442803,,,1.0,0.0,50.0,50.0,1.0,1.0,20.0,1.0,1.0,1.0,1.0
43_5.avi,6.06123677384517,9.313054149012979,,,1.0,0.0,50.0,50.0,1.0,1.0,20.0,1.0,1.0,1.0,1.0
43_6.avi,1.2125855955251184,2.778428564130429,15.445971659782016,3.3185511885212793,1.5294117647058822,0.4991341984846218,50.0,50.0,1.0,1.0,20.0,1.0,1.0,1.0,2.0
43_7.avi,1.3726882981190747,1.6555570148436518,,,1.0,0.0,50.0,50.0,1.0,1.0,20.0,1.0,1.0,1.0,1.0
44_1.avi,2.6890449463541897,2.0532677253271823,,,1.0,0.0,50.0,50.0,1.0,1.0,20.0,1.0,1.0,1.0,2.0
44_10.avi,10.12640719848925,3.3115233088681113,23.743989631714697,5.12673959655646,2.526315789473684,0.49930699897395464,50.0,50.0,1.0,1.0,20.0,1.0,1.0,1.0,9.0
44_2.avi,10.331145684658939,3.0437133600853437,26.78213489400009,11.10717413790842,1.5625,0.49607837082461076,50.0,50.0,1.0,1.0,20.0,1.0,1.0,1.0,5.0
44_3.avi,0.41736730528032295,0.8631198928218732,29.805505574064274,4.923958086885285,1.15,0.3570714214271425,50.0,50.0,1.0,1.0,20.0,1.0,1.0,1.0,3.0
44_5.avi,11.37955600866329,2.3736215349311185,16.581774044273658,11.98409734858387,3.95,1.4309088021254186,50.0,50.0,1.0,1.0,20.0,1.0,1.0,1.0,21.0
44_6.avi,7.33761903157949,1.9261250217473962,,,1.0,0.0,50.0,50.0,1.0,1.0,20.0,1.0,1.0,1.0,2.0
44_7.avi,4.067142736328828,1.6717717958055758,17.80802128765998,4.830487328882826,1.7,0.45825756949558394,50.0,50.0,1.0,1.0,20.0,1.0,1.0,1.0,2.0
44_8.avi,12.645472184250128,2.8814285280207,,,1.0,0.0,50.0,50.0,1.0,1.0,20.0,1.0,1.0,1.0,1.0
44_9.avi,9.003109504232139,3.19985413982543,21.969389688794504,8.589399936988581,3.3,1.1874342087037917,50.0,50.0,1.0,1.0,20.0,1.0,1.0,1.0,16.0
45_1.avi,0.6103117499952802,1.3667232556716202,,,1.0,0.0,50.0,50.0,1.0,1.0,20.0,1.0,1.0,1.0,1.0
46_1.avi,14.337997859557658,3.201685599813265,12.877806554246549,0.0,1.0625,0.24206145913796356,50.0,50.0,1.0,1.0,20.0,1.0,1.0,1.0,2.0
46_2.avi,9.038901972871011,4.518064399446062,30.239946949972797,4.323256434916852,1.35,0.47696960070847294,50.0,50.0,1.0,1.0,20.0,1.0,1.0,1.0,2.0
46_3.avi,9.644375905882244,2.5102443332775652,12.817979025334164,2.6229030869185546,3.55,0.4974937185533101,50.0,50.0,1.0,1.0,20.0,1.0,1.0,1.0,5.0
46_4.avi,7.867153538544937,2.218957479669528,24.559121127027336,10.5812645510186,2.3333333333333335,0.7453559924999298,50.0,50.0,1.0,1.0,20.0,1.0,1.0,1.0,5.0
47_1.avi,7.0266784475833335,2.433831668810245,21.47097264437067,8.562341015693947,1.9166666666666667,0.8620067027323833,50.0,50.0,1.0,1.0,20.0,1.0,1.0,1.0,3.0
47_2.avi,4.208015270760409,4.153114290295257,17.068306315645547,3.867746520734692,1.3125,0.582961190818051,50.0,50.0,1.0,1.0,20.0,1.0,1.0,1.0,3.0
47_3.avi,10.883035242445597,3.6318296177890077,19.822978489406204,11.446318353948344,2.45,1.2031209415515964,50.0,50.0,1.0,1.0,20.0,1.0,1.0,1.0,9.0
47_4.avi,4.007476640502421,1.8890058365879165,17.36490724601106,7.62990616004705,2.235294117647059,0.5455069703232767,50.0,50.0,1.0,1.0,20.0,1.0,1.0,1.0,4.0
47_5.avi,4.828398538769263,2.331604355237663,16.81274957796164,9.608463499710538,2.65,0.9096702699330126,50.0,50.0,1.0,1.0,20.0,1.0,1.0,1.0,6.0
47_6.avi,0.5460731369848643,0.6356954384501141,23.145300442427963,9.602820594736311,1.1666666666666667,0.37267799624996495,50.0,50.0,1.0,1.0,20.0,1.0,1.0,1.0,5.0
